[{"model": "tarot.suit", "pk": 1, "fields": {"name": "Wands", "description": "The suit of Wands represents creativity and action.", "arcana": "minor"}}, {"model": "tarot.suit", "pk": 2, "fields": {"name": "Cups", "description": "The suit of Cups represents emotions and relationships.", "arcana": "minor"}}, {"model": "tarot.suit", "pk": 3, "fields": {"name": "Swords", "description": "The suit of Swords represents intellect and conflict.", "arcana": "minor"}}, {"model": "tarot.suit", "pk": 4, "fields": {"name": "Pentacles", "description": "The suit of Pentacles represents material aspects and prosperity.", "arcana": "minor"}}, {"model": "tarot.suit", "pk": 5, "fields": {"name": "Major Arcana", "description": "The Major Arcana represents life's major themes and archetypes.", "arcana": "major"}}, {"model": "tarot.card", "pk": 1, "fields": {"name": "Ace of Wands", "slug": "ace-of-wands", "description": "The Ace of Wands represents...", "number": 1, "image": "tarot/w01.jpg", "upright_meaning": "", "reversed_meaning": "", "keywords": "", "suit": 1}}, {"model": "tarot.card", "pk": 2, "fields": {"name": "Two of Wands", "slug": "two-of-wands", "description": "The Two of Wands represents...", "number": 2, "image": "tarot/w02.jpg", "upright_meaning": "", "reversed_meaning": "", "keywords": "", "suit": 1}}, {"model": "tarot.card", "pk": 3, "fields": {"name": "Three of Wands", "slug": "three-of-wands", "description": "The Three of Wands represents...", "number": 3, "image": "tarot/w03.jpg", "upright_meaning": "", "reversed_meaning": "", "keywords": "", "suit": 1}}, {"model": "tarot.card", "pk": 4, "fields": {"name": "Four of Wands", "slug": "four-of-wands", "description": "The Four of Wands represents...", "number": 4, "image": "tarot/w04.jpg", "upright_meaning": "", "reversed_meaning": "", "keywords": "", "suit": 1}}, {"model": "tarot.card", "pk": 5, "fields": {"name": "Five of Wands", "slug": "five-of-wands", "description": "The Five of Wands represents...", "number": 5, "image": "tarot/w05.jpg", "upright_meaning": "", "reversed_meaning": "", "keywords": "", "suit": 1}}, {"model": "tarot.card", "pk": 6, "fields": {"name": "Six of Wands", "slug": "six-of-wands", "description": "The Six of Wands represents...", "number": 6, "image": "tarot/w06.jpg", "upright_meaning": "", "reversed_meaning": "", "keywords": "", "suit": 1}}, {"model": "tarot.card", "pk": 7, "fields": {"name": "Seven of Wands", "slug": "seven-of-wands", "description": "The Seven of Wands represents...", "number": 7, "image": "tarot/w07.jpg", "upright_meaning": "", "reversed_meaning": "", "keywords": "", "suit": 1}}, {"model": "tarot.card", "pk": 8, "fields": {"name": "Eight of Wands", "slug": "eight-of-wands", "description": "The Eight of Wands represents...", "number": 8, "image": "tarot/w08.jpg", "upright_meaning": "", "reversed_meaning": "", "keywords": "", "suit": 1}}, {"model": "tarot.card", "pk": 9, "fields": {"name": "Nine of Wands", "slug": "nine-of-wands", "description": "The Nine of Wands represents...", "number": 9, "image": "tarot/w09.jpg", "upright_meaning": "", "reversed_meaning": "", "keywords": "", "suit": 1}}, {"model": "tarot.card", "pk": 10, "fields": {"name": "Ten of Wands", "slug": "ten-of-wands", "description": "The Ten of Wands represents...", "number": 10, "image": "tarot/w10.jpg", "upright_meaning": "", "reversed_meaning": "", "keywords": "", "suit": 1}}, {"model": "tarot.card", "pk": 11, "fields": {"name": "Page of Wands", "slug": "page-of-wands", "description": "The Page of Wands represents...", "number": 11, "image": "tarot/w11.jpg", "upright_meaning": "", "reversed_meaning": "", "keywords": "", "suit": 1}}, {"model": "tarot.card", "pk": 12, "fields": {"name": "Knight of Wands", "slug": "knight-of-wands", "description": "The Knight of Wands represents...", "number": 12, "image": "tarot/w12.jpg", "upright_meaning": "", "reversed_meaning": "", "keywords": "", "suit": 1}}, {"model": "tarot.card", "pk": 13, "fields": {"name": "Queen of Wands", "slug": "queen-of-wands", "description": "The Queen of Wands represents...", "number": 13, "image": "tarot/w13.jpg", "upright_meaning": "", "reversed_meaning": "", "keywords": "", "suit": 1}}, {"model": "tarot.card", "pk": 14, "fields": {"name": "King of Wands", "slug": "king-of-wands", "description": "The King of Wands represents...", "number": 14, "image": "tarot/w14.jpg", "upright_meaning": "", "reversed_meaning": "", "keywords": "", "suit": 1}}, {"model": "tarot.card", "pk": 15, "fields": {"name": "Ace of Cups", "slug": "ace-of-cups", "description": "The Ace of Cups represents...", "number": 1, "image": "tarot/c01.jpg", "upright_meaning": "", "reversed_meaning": "", "keywords": "", "suit": 2}}, {"model": "tarot.card", "pk": 16, "fields": {"name": "Two of Cups", "slug": "two-of-cups", "description": "The Two of Cups represents...", "number": 2, "image": "tarot/c02.jpg", "upright_meaning": "", "reversed_meaning": "", "keywords": "", "suit": 2}}, {"model": "tarot.card", "pk": 17, "fields": {"name": "Three of Cups", "slug": "three-of-cups", "description": "The Three of Cups represents...", "number": 3, "image": "tarot/c03.jpg", "upright_meaning": "", "reversed_meaning": "", "keywords": "", "suit": 2}}, {"model": "tarot.card", "pk": 18, "fields": {"name": "Four of Cups", "slug": "four-of-cups", "description": "The Four of Cups represents...", "number": 4, "image": "tarot/c04.jpg", "upright_meaning": "", "reversed_meaning": "", "keywords": "", "suit": 2}}, {"model": "tarot.card", "pk": 19, "fields": {"name": "Five of Cups", "slug": "five-of-cups", "description": "The Five of Cups represents...", "number": 5, "image": "tarot/c05.jpg", "upright_meaning": "", "reversed_meaning": "", "keywords": "", "suit": 2}}, {"model": "tarot.card", "pk": 20, "fields": {"name": "Six of Cups", "slug": "six-of-cups", "description": "The Six of Cups represents...", "number": 6, "image": "tarot/c06.jpg", "upright_meaning": "", "reversed_meaning": "", "keywords": "", "suit": 2}}, {"model": "tarot.card", "pk": 21, "fields": {"name": "Seven of Cups", "slug": "seven-of-cups", "description": "The Seven of Cups represents...", "number": 7, "image": "tarot/c07.jpg", "upright_meaning": "", "reversed_meaning": "", "keywords": "", "suit": 2}}, {"model": "tarot.card", "pk": 22, "fields": {"name": "Eight of Cups", "slug": "eight-of-cups", "description": "The Eight of Cups represents...", "number": 8, "image": "tarot/c08.jpg", "upright_meaning": "", "reversed_meaning": "", "keywords": "", "suit": 2}}, {"model": "tarot.card", "pk": 23, "fields": {"name": "Nine of Cups", "slug": "nine-of-cups", "description": "The Nine of Cups represents...", "number": 9, "image": "tarot/c09.jpg", "upright_meaning": "", "reversed_meaning": "", "keywords": "", "suit": 2}}, {"model": "tarot.card", "pk": 24, "fields": {"name": "Ten of Cups", "slug": "ten-of-cups", "description": "The Ten of Cups represents...", "number": 10, "image": "tarot/c10.jpg", "upright_meaning": "", "reversed_meaning": "", "keywords": "", "suit": 2}}, {"model": "tarot.card", "pk": 25, "fields": {"name": "Page of Cups", "slug": "page-of-cups", "description": "The Page of Cups represents...", "number": 11, "image": "tarot/c11.jpg", "upright_meaning": "", "reversed_meaning": "", "keywords": "", "suit": 2}}, {"model": "tarot.card", "pk": 26, "fields": {"name": "Knight of Cups", "slug": "knight-of-cups", "description": "The Knight of Cups represents...", "number": 12, "image": "tarot/c12.jpg", "upright_meaning": "", "reversed_meaning": "", "keywords": "", "suit": 2}}, {"model": "tarot.card", "pk": 27, "fields": {"name": "Queen of Cups", "slug": "queen-of-cups", "description": "The Queen of Cups represents...", "number": 13, "image": "tarot/c13.jpg", "upright_meaning": "", "reversed_meaning": "", "keywords": "", "suit": 2}}, {"model": "tarot.card", "pk": 28, "fields": {"name": "King of Cups", "slug": "king-of-cups", "description": "The King of Cups represents...", "number": 14, "image": "tarot/c14.jpg", "upright_meaning": "", "reversed_meaning": "", "keywords": "", "suit": 2}}, {"model": "tarot.card", "pk": 29, "fields": {"name": "Ace of Swords", "slug": "ace-of-swords", "description": "The Ace of Swords represents...", "number": 1, "image": "tarot/s01.jpg", "upright_meaning": "", "reversed_meaning": "", "keywords": "", "suit": 3}}, {"model": "tarot.card", "pk": 30, "fields": {"name": "Two of Swords", "slug": "two-of-swords", "description": "The Two of Swords represents...", "number": 2, "image": "tarot/s02.jpg", "upright_meaning": "", "reversed_meaning": "", "keywords": "", "suit": 3}}, {"model": "tarot.card", "pk": 31, "fields": {"name": "Three of Swords", "slug": "three-of-swords", "description": "The Three of Swords represents...", "number": 3, "image": "tarot/s03.jpg", "upright_meaning": "", "reversed_meaning": "", "keywords": "", "suit": 3}}, {"model": "tarot.card", "pk": 32, "fields": {"name": "Four of Swords", "slug": "four-of-swords", "description": "The Four of Swords represents...", "number": 4, "image": "tarot/s04.jpg", "upright_meaning": "", "reversed_meaning": "", "keywords": "", "suit": 3}}, {"model": "tarot.card", "pk": 33, "fields": {"name": "Five of Swords", "slug": "five-of-swords", "description": "The Five of Swords represents...", "number": 5, "image": "tarot/s05.jpg", "upright_meaning": "", "reversed_meaning": "", "keywords": "", "suit": 3}}, {"model": "tarot.card", "pk": 34, "fields": {"name": "Six of Swords", "slug": "six-of-swords", "description": "The Six of Swords represents...", "number": 6, "image": "tarot/s06.jpg", "upright_meaning": "", "reversed_meaning": "", "keywords": "", "suit": 3}}, {"model": "tarot.card", "pk": 35, "fields": {"name": "Seven of Swords", "slug": "seven-of-swords", "description": "The Seven of Swords represents...", "number": 7, "image": "tarot/s07.jpg", "upright_meaning": "", "reversed_meaning": "", "keywords": "", "suit": 3}}, {"model": "tarot.card", "pk": 36, "fields": {"name": "Eight of Swords", "slug": "eight-of-swords", "description": "The Eight of Swords represents...", "number": 8, "image": "tarot/s08.jpg", "upright_meaning": "", "reversed_meaning": "", "keywords": "", "suit": 3}}, {"model": "tarot.card", "pk": 37, "fields": {"name": "Nine of Swords", "slug": "nine-of-swords", "description": "The Nine of Swords represents...", "number": 9, "image": "tarot/s09.jpg", "upright_meaning": "", "reversed_meaning": "", "keywords": "", "suit": 3}}, {"model": "tarot.card", "pk": 38, "fields": {"name": "Ten of Swords", "slug": "ten-of-swords", "description": "The Ten of Swords represents...", "number": 10, "image": "tarot/s10.jpg", "upright_meaning": "", "reversed_meaning": "", "keywords": "", "suit": 3}}, {"model": "tarot.card", "pk": 39, "fields": {"name": "Page of Swords", "slug": "page-of-swords", "description": "The Page of Swords represents...", "number": 11, "image": "tarot/s11.jpg", "upright_meaning": "", "reversed_meaning": "", "keywords": "", "suit": 3}}, {"model": "tarot.card", "pk": 40, "fields": {"name": "Knight of Swords", "slug": "knight-of-swords", "description": "The Knight of Swords represents...", "number": 12, "image": "tarot/s12.jpg", "upright_meaning": "", "reversed_meaning": "", "keywords": "", "suit": 3}}, {"model": "tarot.card", "pk": 41, "fields": {"name": "Queen of Swords", "slug": "queen-of-swords", "description": "The Queen of Swords represents...", "number": 13, "image": "tarot/s13.jpg", "upright_meaning": "", "reversed_meaning": "", "keywords": "", "suit": 3}}, {"model": "tarot.card", "pk": 42, "fields": {"name": "King of Swords", "slug": "king-of-swords", "description": "The King of Swords represents...", "number": 14, "image": "tarot/s14.jpg", "upright_meaning": "", "reversed_meaning": "", "keywords": "", "suit": 3}}, {"model": "tarot.card", "pk": 43, "fields": {"name": "Ace of Pentacles", "slug": "ace-of-pentacles", "description": "The Ace of Pentacles represents...", "number": 1, "image": "tarot/p01.jpg", "upright_meaning": "", "reversed_meaning": "", "keywords": "", "suit": 4}}, {"model": "tarot.card", "pk": 44, "fields": {"name": "Two of Pentacles", "slug": "two-of-pentacles", "description": "The Two of Pentacles represents...", "number": 2, "image": "tarot/p02.jpg", "upright_meaning": "", "reversed_meaning": "", "keywords": "", "suit": 4}}, {"model": "tarot.card", "pk": 45, "fields": {"name": "Three of Pentacles", "slug": "three-of-pentacles", "description": "The Three of Pentacles represents...", "number": 3, "image": "tarot/p03.jpg", "upright_meaning": "", "reversed_meaning": "", "keywords": "", "suit": 4}}, {"model": "tarot.card", "pk": 46, "fields": {"name": "Four of Pentacles", "slug": "four-of-pentacles", "description": "The Four of Pentacles represents...", "number": 4, "image": "tarot/p04.jpg", "upright_meaning": "", "reversed_meaning": "", "keywords": "", "suit": 4}}, {"model": "tarot.card", "pk": 47, "fields": {"name": "Five of Pentacles", "slug": "five-of-pentacles", "description": "The Five of Pentacles represents...", "number": 5, "image": "tarot/p05.jpg", "upright_meaning": "", "reversed_meaning": "", "keywords": "", "suit": 4}}, {"model": "tarot.card", "pk": 48, "fields": {"name": "Six of Pentacles", "slug": "six-of-pentacles", "description": "The Six of Pentacles represents...", "number": 6, "image": "tarot/p06.jpg", "upright_meaning": "", "reversed_meaning": "", "keywords": "", "suit": 4}}, {"model": "tarot.card", "pk": 49, "fields": {"name": "Seven of Pentacles", "slug": "seven-of-pentacles", "description": "The Seven of Pentacles represents...", "number": 7, "image": "tarot/p07.jpg", "upright_meaning": "", "reversed_meaning": "", "keywords": "", "suit": 4}}, {"model": "tarot.card", "pk": 50, "fields": {"name": "Eight of Pentacles", "slug": "eight-of-pentacles", "description": "The Eight of Pentacles represents...", "number": 8, "image": "tarot/p08.jpg", "upright_meaning": "", "reversed_meaning": "", "keywords": "", "suit": 4}}, {"model": "tarot.card", "pk": 51, "fields": {"name": "Nine of Pentacles", "slug": "nine-of-pentacles", "description": "The Nine of Pentacles represents...", "number": 9, "image": "tarot/p09.jpg", "upright_meaning": "", "reversed_meaning": "", "keywords": "", "suit": 4}}, {"model": "tarot.card", "pk": 52, "fields": {"name": "Ten of Pentacles", "slug": "ten-of-pentacles", "description": "The Ten of Pentacles represents...", "number": 10, "image": "tarot/p10.jpg", "upright_meaning": "", "reversed_meaning": "", "keywords": "", "suit": 4}}, {"model": "tarot.card", "pk": 53, "fields": {"name": "Page of Pentacles", "slug": "page-of-pentacles", "description": "The Page of Pentacles represents...", "number": 11, "image": "tarot/p11.jpg", "upright_meaning": "", "reversed_meaning": "", "keywords": "", "suit": 4}}, {"model": "tarot.card", "pk": 54, "fields": {"name": "Knight of Pentacles", "slug": "knight-of-pentacles", "description": "The Knight of Pentacles represents...", "number": 12, "image": "tarot/p12.jpg", "upright_meaning": "", "reversed_meaning": "", "keywords": "", "suit": 4}}, {"model": "tarot.card", "pk": 55, "fields": {"name": "Queen of Pentacles", "slug": "queen-of-pentacles", "description": "The Queen of Pentacles represents...", "number": 13, "image": "tarot/p13.jpg", "upright_meaning": "", "reversed_meaning": "", "keywords": "", "suit": 4}}, {"model": "tarot.card", "pk": 56, "fields": {"name": "King of Pentacles", "slug": "king-of-pentacles", "description": "The King of Pentacles represents...", "number": 14, "image": "tarot/p14.jpg", "upright_meaning": "", "reversed_meaning": "", "keywords": "", "suit": 4}}, {"model": "tarot.card", "pk": 57, "fields": {"name": "The Fool", "slug": "the-fool", "description": "The The Fool Meaning\r\nUpright: innocence, new beginnings, free spirit Reversed: recklessness, taken advantage of, inconsideration", "number": 0, "image": "tarot/m00.jpg", "upright_meaning": "", "reversed_meaning": "", "keywords": "innocence, new beginnings, free spirit, recklessness, taken advantage of, inconsideration", "suit": 5}}, {"model": "tarot.card", "pk": 58, "fields": {"name": "The Magician", "slug": "the-magician", "description": "The The Magician Means\r\nUpright: willpower, desire, creation, manifestation Reversed: trickery, illusions, out of touch", "number": 1, "image": "tarot/m01.jpg", "upright_meaning": "", "reversed_meaning": "", "keywords": "willpower, desire, creation, manifestation, trickery, illusions, out of touch", "suit": 5}}, {"model": "tarot.card", "pk": 59, "fields": {"name": "The High Priestess", "slug": "the-high-priestess", "description": "The The High Priestess Meaning\r\nUpright: intuitive, unconscious, inner voice Reversed: lack of center, lost inner voice, repressed feelings", "number": 2, "image": "tarot/m02.jpg", "upright_meaning": "", "reversed_meaning": "", "keywords": "intuitive, unconscious, inner voice, lack of center, lost inner voice, repressed feelings", "suit": 5}}, {"model": "tarot.card", "pk": 60, "fields": {"name": "The Empress", "slug": "the-empress", "description": "The The Empress Meaning\r\nUpright: motherhood, fertility, nature Reversed: dependence, smothering, emptiness, nosiness", "number": 3, "image": "tarot/m03.jpg", "upright_meaning": "", "reversed_meaning": "", "keywords": "motherhood, fertility, nature, dependence, smothering, emptiness, nosiness", "suit": 5}}, {"model": "tarot.card", "pk": 61, "fields": {"name": "The Emperor", "slug": "the-emperor", "description": "The The Emperor Meaning\r\nUpright: authority, structure, control, fatherhood\r\nReversed: tyranny, rigidity, coldness", "number": 4, "image": "tarot/m04.jpg", "upright_meaning": "", "reversed_meaning": "", "keywords": "authority, structure, control, fatherhood, tyranny, rigidity, coldness", "suit": 5}}, {"model": "tarot.card", "pk": 62, "fields": {"name": "The Hierophant", "slug": "the-hierophant", "description": "The The Hierophant Means\r\nUpright: tradition, conformity, morality, ethics \r\nReversed: rebellion, subversiveness, new approaches", "number": 5, "image": "tarot/m05.jpg", "upright_meaning": "", "reversed_meaning": "", "keywords": "tradition, conformity, morality, ethics, rebellion, subversiveness, new approaches", "suit": 5}}, {"model": "tarot.card", "pk": 63, "fields": {"name": "The Lovers", "slug": "the-lovers", "description": "The The Lovers Meaning\r\nUpright: partnerships, duality, union \r\nReversed: loss of balance, one-sidedness, disharmony", "number": 6, "image": "tarot/m06.jpg", "upright_meaning": "", "reversed_meaning": "", "keywords": "partnerships, duality, union, loss of balance, one-sidedness, disharmony", "suit": 5}}, {"model": "tarot.card", "pk": 64, "fields": {"name": "The Chariot", "slug": "the-chariot", "description": "The The Chariot Meaning\r\nUpright: direction, control, willpower \r\nReversed: lack of control, lack of direction, aggression", "number": 7, "image": "tarot/m07.jpg", "upright_meaning": "", "reversed_meaning": "", "keywords": "direction, control, willpower, lack of control, lack of direction, aggression", "suit": 5}}, {"model": "tarot.card", "pk": 65, "fields": {"name": "Strength", "slug": "strength", "description": "Strength Meaning\r\nUpright: inner strength, bravery, compassion, focus \r\nReversed: self doubt, weakness, insecurity", "number": 8, "image": "tarot/m08.jpg", "upright_meaning": "", "reversed_meaning": "", "keywords": "inner strength, bravery, compassion, focus, self doubt, weakness, insecurity", "suit": 5}}, {"model": "tarot.card", "pk": 66, "fields": {"name": "The Hermit", "slug": "the-hermit", "description": "The Hermit Meaning\r\nUpright: contemplation, search for truth, inner guidance \r\nReversed: loneliness, isolation, lost your way", "number": 9, "image": "tarot/m09.jpg", "upright_meaning": "", "reversed_meaning": "", "keywords": "contemplation, search for truth, inner guidance, loneliness, isolation, lost your way", "suit": 5}}, {"model": "tarot.card", "pk": 67, "fields": {"name": "Wheel of Fortune", "slug": "wheel-of-fortune", "description": "The Wheel of Fortune Meaning\r\nUpright: change, cycles, inevitable fate \r\nReversed: no control, clinging to control, bad luck", "number": 10, "image": "tarot/m10.jpg", "upright_meaning": "", "reversed_meaning": "", "keywords": "change, cycles, inevitable fate, no control, clinging to control, bad luck", "suit": 5}}, {"model": "tarot.card", "pk": 68, "fields": {"name": "Justice", "slug": "justice", "description": "The Justice Meaning\r\nUpright: cause and effect, clarity, truth \r\nReversed: dishonesty, unaccountability, unfairness", "number": 11, "image": "tarot/m11.jpg", "upright_meaning": "", "reversed_meaning": "", "keywords": "cause and effect, clarity, truth,  dishonesty, unaccountability, unfairness", "suit": 5}}, {"model": "tarot.card", "pk": 69, "fields": {"name": "The Hanged Man", "slug": "the-hanged-man", "description": "The The Hanged Man Meaning\r\nUpright: sacrifice, release, martyrdom \r\nReversed: stalling, needless sacrifice, fear of sacrifice", "number": 12, "image": "tarot/m12.jpg", "upright_meaning": "", "reversed_meaning": "", "keywords": "sacrifice, release, martyrdom, stalling, needless sacrifice, fear of sacrifice", "suit": 5}}, {"model": "tarot.card", "pk": 70, "fields": {"name": "Death", "slug": "death", "description": "The Death Meaning\r\nUpright: end of cycle, beginnings, change, metamorphosis \r\nReversed: fear of change, holding on, stagnation, decay", "number": 13, "image": "tarot/m13.jpg", "upright_meaning": "", "reversed_meaning": "", "keywords": "end of cycle, beginnings, change, metamorphosis, fear of change, holding on, stagnation, decay", "suit": 5}}, {"model": "tarot.card", "pk": 71, "fields": {"name": "Temperance", "slug": "temperance", "description": "The Temperance Meaning\r\nUpright: middle path, patience, finding meaning \r\nReversed: extremes, excess, lack of balance", "number": 14, "image": "tarot/m14.jpg", "upright_meaning": "", "reversed_meaning": "", "keywords": "middle path, patience, finding meaning, extremes, excess, lack of balance", "suit": 5}}, {"model": "tarot.card", "pk": 72, "fields": {"name": "The Devil", "slug": "the-devil", "description": "The The Devil Meaning\r\nUpright: addiction, materialism, playfulness \r\nReversed: freedom, release, restoring control", "number": 15, "image": "tarot/m15.jpg", "upright_meaning": "", "reversed_meaning": "", "keywords": "addiction, materialism, playfulness, freedom, release, restoring control", "suit": 5}}, {"model": "tarot.card", "pk": 73, "fields": {"name": "The Tower", "slug": "the-tower", "description": "The The Tower Meaning\r\nUpright: sudden upheaval, broken pride, disaster \r\nReversed: disaster avoided, delayed disaster, fear of suffering", "number": 16, "image": "tarot/m16.jpg", "upright_meaning": "", "reversed_meaning": "", "keywords": "sudden upheaval, broken pride, disaster, disaster avoided, delayed disaster, fear of suffering", "suit": 5}}, {"model": "tarot.card", "pk": 74, "fields": {"name": "The Star", "slug": "the-star", "description": "The The Star Meaning\r\nUpright: hope, faith, rejuvenation \r\nReversed: faithlessness, discouragement, insecurity", "number": 17, "image": "tarot/m17.jpg", "upright_meaning": "", "reversed_meaning": "", "keywords": "hope, faith, rejuvenation, faithlessness, discouragement, insecurity", "suit": 5}}, {"model": "tarot.card", "pk": 75, "fields": {"name": "The Moon", "slug": "the-moon", "description": "The The Moon Meaning\r\nUpright: unconscious, illusions, intuition \r\nReversed: confusion, fear, misinterpretation", "number": 18, "image": "tarot/m18.jpg", "upright_meaning": "", "reversed_meaning": "", "keywords": "unconscious, illusions, intuition, confusion, fear, misinterpretation", "suit": 5}}, {"model": "tarot.card", "pk": 76, "fields": {"name": "The Sun", "slug": "the-sun", "description": "The The Sun Meaning\r\nUpright: joy, success, celebration, positivity \r\nReversed: negativity, depression, sadness", "number": 19, "image": "tarot/m19.jpg", "upright_meaning": "", "reversed_meaning": "", "keywords": "joy, success, celebration, positivity,  negativity, depression, sadness", "suit": 5}}, {"model": "tarot.card", "pk": 77, "fields": {"name": "Judgement", "slug": "judgement", "description": "The Judgement Meaning\r\nUpright: reflection, reckoning, awakening \r\nReversed: lack of self awareness, doubt, self loathing", "number": 20, "image": "tarot/m20.jpg", "upright_meaning": "", "reversed_meaning": "", "keywords": "reflection, reckoning, awakening, lack of self awareness, doubt, self loathing", "suit": 5}}, {"model": "tarot.card", "pk": 78, "fields": {"name": "The World", "slug": "the-world", "description": "The The World Meaning\r\nUpright: fulfillment, harmony, completion \r\nReversed: incompletion, no closure", "number": 21, "image": "tarot/m21.jpg", "upright_meaning": "", "reversed_meaning": "", "keywords": "fulfillment, harmony, completion, incompletion, no closure", "suit": 5}}, {"model": "tarot.reading", "pk": 5, "fields": {"reading_type": "relationship_spread", "date": "2025-01-11T21:34:47.944Z", "question": "Will I see my love?", "notes": "Theme: love", "celestial_insight": "In the tapestry of destiny, love often interweaves its threads, creating patterns that hint at the possibilities of connection and union. As you seek insight into whether you will see your beloved, let the cards reveal the energies and guidance that speak to your heart’s longing and the universe's unfolding plan.\n\n1. **The Present State** - This card reflects where you stand in relation to your love. It offers insights into the current dynamics and the energies surrounding you.\n2. **The Challenges** - This card unveils the obstacles or issues that may be standing in the way of seeing your love.\n3. **The Advice** - Here lies the celestial guidance that can help you navigate these challenges towards the possibility of union.\n4. **The Outcome** - This card reveals the potential future outcome of your query, influenced by the actions you choose to take.\n\nAs you turn to the cards, remember that they serve as guides pointing towards wisdom, and it is your heart that will ultimately decide the path you tread.", "mentor": 5, "user": 1}}, {"model": "tarot.reading", "pk": 6, "fields": {"reading_type": "three_card_spread", "date": "2025-01-11T22:27:57.232Z", "question": "Will I see my love?", "notes": "Theme: general", "celestial_insight": "The universe beckons you to listen heartfully, for the answers you seek are whispered by the winds of fate.\n\n### The Journey Unfolds:\n\n1. **Past: The Empress (Upright)**\n   - Represents abundant love and creativity that have been seeded in your past, laying the fertile ground for your current situation. You have nurtured a sense of connection and beauty, suggesting that you have cultivated a significant emotional bond, either with oneself or another.\n\n2. **Present: The Lovers (Upright)**\n   - Reflects choices from the heart, manifested connections, and harmony. It signals a pivotal moment where you are asked to assess the depth of your emotions and the intentions held within your heart. This card signifies that now is a moment ripe with romantic possibility and mutual attraction.\n\n3. **Future: The Moon (Reversed)**\n   - Suggests that uncertainties and confusions about the path ahead will soon be illuminated, allowing clarity to enter the scene. The shadows of doubt may lift, leading you to see things as they are, providing the truth needed in this romantic endeavor.\n\n### Mystical Insight:\nYour question about seeing your love carries within it the seeds of transformation. The cards tell a story rich with potential, where past nurturing has sprung into a present ripe with loving opportunity. Although shadows linger, clarity is on the horizon, promising new understanding and revelations that will bring peace to your heart. Trust in the unfolding of life's mysteries, for the alignment of your soulful energies and intentions will guide you to the romantic destination you seek.", "mentor": 4, "user": 1}}, {"model": "tarot.reading", "pk": 7, "fields": {"reading_type": "three_card_spread", "date": "2025-01-11T22:58:18.093Z", "question": "Will you tell me my future?", "notes": "", "celestial_insight": "The future is not a fixed path laid in stone; it is a flowing river of potential and possibility, shaped by the choices you make and the energies you attract. A three-card spread can gently illuminate the potential roads before you and guide you in recognizing the energies at play. Let us delve into the cards and unveil the mystical currents that may influence your journey.\n\n**1. The Present Situation:** This card reflects your current state, the energies surrounding you, and the primary influences at play in your life.\n\n**2. The Path Forward:** This card offers insight into the direction your current decisions may lead you along.\n\n**3. The Outcome:** This card presents a probable result based on your current trajectory, revealing the fruit of your journey if the present energies remain unchanged. Be open and receptive to the wisdom of the cards as we uncover the mysteries before you.", "mentor": 1, "user": 1}}, {"model": "tarot.reading", "pk": 8, "fields": {"reading_type": "relationship_spread", "date": "2025-01-12T13:22:24.923Z", "question": "Will I make a friendship with my collegues?", "notes": "Theme: friendship", "celestial_insight": "Friendships are like rivers, flowing with a current of shared experiences and emotional support. In seeking to forge bonds with your colleagues, consider the energies and elements that you bring into these budding relationships, as well as the energies they contribute. Each card in this spread offers insight into the dynamics at play and the alchemy of interactions that can transform professional relationships into friendships.", "mentor": 2, "user": 1}}, {"model": "tarot.reading", "pk": 9, "fields": {"reading_type": "single_card", "date": "2025-01-12T21:02:47.515Z", "question": "What guidance does the universe have for me today?", "notes": "Theme: ", "celestial_insight": "The universe often whispers the answers we seek through subtle signs and gentle nudges. When we pause to listen, we are gifted with the guidance that leads us through our journey with grace and clarity. Today, as you seek the universe's advice, let go of any constraints of expectation. Be open to receiving a message that aligns with your current path, aids your transformation, or gives strength to a quiet hope you hold within.\n\nThe card drawn for you today asks you to embrace the present moment with an open heart, nurturing your spirit with the truth that unfolds before you. This is a time for inner harmony and embracing the wisdom derived from patience and introspection.", "mentor": 2, "user": 1}}, {"model": "tarot.reading", "pk": 10, "fields": {"reading_type": "single_card", "date": "2025-01-13T15:15:31.679Z", "question": "How can I work on my personal growth?", "notes": "Theme: Career", "celestial_insight": "In the journey of personal growth, the path is often lit by the subtle flame of inner awareness and external exploration. To nurture your development, embrace the ever-present dance between who you are and who you are becoming. Each step you take, whether small or significant, is a piece of the magnificent puzzle of your existence.\n\nFocus on understanding your strengths and areas of improvement. Reflect on your past experiences as teachers, using them to cultivate wisdom and resilience. Embrace new opportunities and challenges with an open heart, recognizing them as catalysts for transformation.\n\nThe journey is about becoming more attuned to your inner self while being open to the energies of the universe. By balancing introspection and outward expression, you can cultivate profound development. Trust in your intuition as your guide, and be patient with the unfolding of your path. ", "mentor": 2, "user": 1}}, {"model": "tarot.reading", "pk": 11, "fields": {"reading_type": "single_card", "date": "2025-01-13T21:00:07.008Z", "question": "How can I prepare for upcoming challenges?", "notes": "Theme: General", "celestial_insight": "Navigating the river of challenges ahead requires not only strength but the wisdom to adapt and flow. The task at hand is akin to a dance with a shifting partner; thus, readiness is found in flexibility, inner clarity, and trust in one's intrinsic capabilities.\n\n### Mystical Guidance\nLet your heart be that which reassures you in times of uncertainty. Challenges, though seemingly daunting, are but shadows cast by the light of potential growth. Prepare by nurturing your inner landscape, cultivating resilience as a gardener tends to a budding seed. Meditative practices, self-reflection, and maintaining an awareness of your personal goals will fortify you against the winds of change.\n\nThe card drawn for you encapsulates both the energy and the focus you should embody during this phase of preparation. Embrace its wisdom fully and let it guide your steps as you meet challenges with grace and poise.", "mentor": 4, "user": 1}}, {"model": "tarot.reading", "pk": 13, "fields": {"reading_type": "single_card", "date": "2025-01-13T22:43:50.103Z", "question": "Will I get promotion soon?", "notes": "Theme: Career", "celestial_insight": "Promotion comes not just from external forces but from aligning your own intentions and efforts with the universal energies. The journey towards advancement is both an outer and inner reflection. Contemplate your readiness and embrace the flow that supports and propels you towards this goal.", "mentor": 5, "user": 1}}, {"model": "tarot.reading", "pk": 14, "fields": {"reading_type": "three_card_spread", "date": "2025-01-14T22:17:14.921Z", "question": "Will I get my laptop soon?", "notes": "Theme: general", "celestial_insight": "As the stars align and the universe listens to your quest for knowledge and connection, the path to acquiring your laptop unveils itself through the energies of the three-card spread.\n\n**Current Situation**: You yearn for this device as a tool, not just for utility but for unlocking potential, learning, and expanding your horizons. The cosmos acknowledges this earnest desire, recognizing it as a step towards materializing your visions.\n\n**Challenge or Influence**: Patience blends with practicality. Though the seeds have been planted, they require nurturing. Trust the process, staying open to solutions that might emerge from unlikely corners.\n\n**Outcome**: Rest assured that your intent, combined with patience and right action, will bring this desire into your reality, like a broadening path towards your goals, as this device becomes a bridge to your broader dreams.", "mentor": 2, "user": 1}}, {"model": "tarot.reading", "pk": 15, "fields": {"reading_type": "love_spread", "date": "2025-01-14T22:21:48.769Z", "question": "Will I get married?", "notes": "Theme: love", "celestial_insight": "Prepare your heart for the revelations of the cosmos. As the river of time flows, matters of the heart often harbor the intensity of stars colliding. Love is a binding thread woven through the fabric of life, and marriage signifies a union profound and celestial.\n\nYour query about marriage invites the universe to unfold the tapestry of your relationships. The sacred cards reveal guidance on love’s path, sharing not only predictions but also wisdom to prepare your heart. Consider each card, an embodiment of the energies shaping your journey towards a union.\n\nAs you move through life’s dance, reciprocity and understanding are cardinal. Marriage isn't just about love; it’s a commitment to grow, to embrace challenges, and to find harmony within the duality of partnership. Each card in your spread is a guidepost, offering insights into what you must nurture, recognize, or transform.\n\nUltimately, the will of the universe aligns when you walk the path with authenticity and open-heartedness. Place trust in the journey, for what is meant for you will find you. Let these celestial insights illuminate your way.", "mentor": 2, "user": 1}}, {"model": "tarot.reading", "pk": 16, "fields": {"reading_type": "career_path_spread", "date": "2025-01-14T22:28:37.440Z", "question": "Will I overcome my conflict with co-worker?", "notes": "Theme: career", "celestial_insight": "The energies surrounding your current workplace conflict are complex and rooted in both external actions and deeper internal feelings. In this sacred exploration of your career path, we unveil the movements and lessons that can guide you toward resolution and growth.\n\n1. **Current Position:** Your present situation shows tension but also an opportunity to transform workplace relationships. Embrace patience and tact as your tools.\n\n2. **Challenges:** You face obstacles not only from others but also from within. Reflect on what fuels these disputes—ego, fear, or unmet expectations?\n\n3. **Past Foundations:** Previous experiences have shaped your current approach to conflict resolution. Consider past victories and mistakes with an open heart.\n\n4. **Potential Future:** A harmonious resolution is possible if both parties are willing to listen and adapt. Creative solutions often arise from genuine dialogue.\n\n5. **Tools for Change:** Cultivate empathy and adaptability. Your ability to understand differing perspectives is your greatest asset.\n\n6. **Outcome:** The situation promises a transformation that, while challenging, will be beneficial for your growth and the working environment.\n\nFeelings of discord are natural in shared spaces, yet they offer profound opportunities for personal and collective growth. By using communication, understanding, and patience as your spiritual tools, the path forward will be cleared, and peace restored.", "mentor": 5, "user": 1}}, {"model": "tarot.reading", "pk": 17, "fields": {"reading_type": "celtic_cross_spread", "date": "2025-01-14T23:03:50.873Z", "question": "What can I expect in the coming months?", "notes": "Theme: general", "celestial_insight": "As the cosmos weaves the tapestry of your life, the coming months hold the potential for transformation and enlightenment. The journey ahead beckons with opportunities for growth, but it also asks for contemplation and deliberation. Embrace each moment with a keen eye and an open heart, for the universe is aligning its energies to unfold your path. Here is what the Celtic Cross reveals about your upcoming journey.", "mentor": 2, "user": 1}}, {"model": "tarot.reading", "pk": 18, "fields": {"reading_type": "three_card_spread", "date": "2025-01-14T23:09:39.316Z", "question": "What can I expect in the coming months?", "notes": "", "celestial_insight": "", "mentor": 2, "user": 1}}, {"model": "tarot.reading", "pk": 19, "fields": {"reading_type": "three_card_spread", "date": "2025-01-15T10:17:25.197Z", "question": "Will I find my destiny?", "notes": "Theme: life purpose", "celestial_insight": "The journey to discovering one's destiny is often as important as the destiny itself. As you seek to uncover this path, remember that destiny is often intertwined with purpose, potential, and choices. The cards drawn represent various aspects of this journey, providing insight into your current situation, the challenge you may face, and the guidance or outcome you might anticipate.\n\n1. **Current Situation** – This card reflects your present position or starting point in seeking your destiny.\n2. **Challenge** – This card reveals the obstacles or trials that might impede your progress towards finding your destiny.\n3. **Guidance/Outcome** – This card offers wisdom or outcomes that may guide you in realizing your destiny.", "mentor": 1, "user": 1}}, {"model": "tarot.reading", "pk": 20, "fields": {"reading_type": "single_card", "date": "2025-01-15T12:56:40.764Z", "question": "Will I get my laptop?", "notes": "Theme: general", "celestial_insight": "The quest for your laptop is not merely about acquiring an object. It is a journey of patience, understanding, and clarity of need. The universe often aligns with our desires when it is time for us to receive them. Let us look at what the single card reveals about this pursuit.", "mentor": 2, "user": 1}}, {"model": "tarot.reading", "pk": 21, "fields": {"reading_type": "career_path_spread", "date": "2025-01-15T13:03:47.111Z", "question": "What is waiting for me in terms of a new job in this year?", "notes": "Theme: career", "celestial_insight": "As you stand on the precipice of change, the energy surrounding your career journey this year is charged with potential and transformation. The cards reveal a path shaped by challenge, growth, and ultimate reward if you pursue your passions with unwavering faith and courage.\n\nThe journey begins with a catalyst, a moment or opportunity that may take you by surprise. This spark is not just an external opportunity, but also an internal shift—a call to explore new horizons by stepping out of your comfort zone.\n\nAnticipate hurdles that will require sharp intellect and strategic thinking. Balance is key, both in your current commitments and your aspirations. The road will demand not just technical skill, but emotional resilience. While uncertainties may loom, aligning your goals with your inner truths will keep you steady and on course.\n\nUltimately, the universe hints at a position where you can shine your unique light and inspire others. Embrace this journey with openness, and you will find the door to a fulfilling career open wide for you.", "mentor": 5, "user": 1}}, {"model": "tarot.reading", "pk": 22, "fields": {"reading_type": "three_card_spread", "date": "2025-01-16T16:01:03.272Z", "question": "Will I get my laptop soon?", "notes": "Theme: general", "celestial_insight": "Embarking on the quest to uncover whether your laptop will arrive soon, we delve into the tapestry of time, where patience and anticipation weave their intricate paths. In the realms of today’s uncertainties, seeking clarity through the wisdom of the cards, here is your guidance, revealed through the three-card spread:\n\n1. **Current Situation**: The energies at play around the arrival of your laptop.\n2. **Challenge/Aid**: What might hinder or assist in this process?\n3. **Outcome**: The ultimate resolution or what lies at the end of this query's journey.\n\nAs you navigate through technology and timelines, remember that each step is a note in the symphony of your experience, each delay, a chance to learn, and every arrival, a moment to cherish.", "mentor": 5, "user": 1}}, {"model": "tarot.reading", "pk": 23, "fields": {"reading_type": "celtic_cross_spread", "date": "2025-01-16T22:14:39.963Z", "question": "What is a purpose of my life?", "notes": "Theme: spiritual", "celestial_insight": "The purpose of your life is intricately woven into the fabric of your soul's journey. Each experience, each relationship, and each challenge is a thread that, when intertwined, forms a unique pattern that is your life's purpose. This path is not always a destination but rather a series of transformative processes. Trust in your inner wisdom, seek balance, nurture your passions, and remember that your contribution to the world, whether big or small, is significant. Your purpose may evolve with you, reflecting your internal growth, and ultimately leading you to authenticity and fulfillment.", "mentor": 1, "user": 1}}, {"model": "tarot.reading", "pk": 24, "fields": {"reading_type": "three_card_spread", "date": "2025-01-16T22:18:55.367Z", "question": "Will I find my purpose in this world?", "notes": "Theme: life purpose", "celestial_insight": "", "mentor": 4, "user": 1}}, {"model": "tarot.reading", "pk": 25, "fields": {"reading_type": "love_spread", "date": "2025-01-18T23:58:23.790Z", "question": "Will I meet my husband this year?", "notes": "Theme: love", "celestial_insight": "The winds of destiny are whispered by the spirits, and your heart stands eager at the threshold of love's promise. As you step into this year with hopes of meeting your husband, you are called to trust in the flow of love and divine timing.\n\n1. **Past Experiences:** Your past, which is often a tapestry of lessons and experiences, has paved the path you walk today. It serves as a reminder that you have grown in wisdom and patience, important virtues on your journey to true love.\n\n2. **Current Energy:** This position reflects the energies presently surrounding you. It reveals the aura you emit, which attracts or repels the energies of potential partners.\n\n3. **Challenges and Opportunities:** Here lies the raw essence of obstacles that could slow your love journey or opportunities that may hasten your meeting. Open your heart and prepare your soul for possibility.\n\n4. **Advice:** This sacred space offers you divine insights and actions you can take to align yourself with the love you seek, facilitating its entry into your world.\n\n5. **Outcome:** While fate remains a mystery, this card gives a hint toward your love's journey this year. It whispers possibilities and challenges you to trust the unfolding of the universe.\n\nEmbrace each moment with clarity and open-heartedness, as the universe conspired to align your paths when the time is right.", "mentor": 1, "user": 1}}, {"model": "tarot.reading", "pk": 27, "fields": {"reading_type": "three_card_spread", "date": "2025-01-26T14:04:56.811Z", "question": "Should I quit my job?", "notes": "Theme: career", "celestial_insight": "In the pursuit of clarity, the unfolding spread guides you through the esoteric path of decision-making. As you stand at the crossroads, these cards reveal the energies and wisdom surrounding your question about whether to maintain your position or embark on a new journey. \n\n### The Past: Understanding Where You Came From\nIn this position, reflect on past experiences and dynamics which have led you to consider leaving your job. It highlights patterns, sourcing insights from your journey thus far.\n\n**Card: The Eight of Pentacles (reversed)**\nThis card shares a message that resonates with the cycles of monotony and lack of satisfaction. It suggests a period where your efforts might feel unappreciated or tasks have grown monotonous.\n\n### The Present: The Heart of the Current Situation\nIn the present moment lies the seed of choice, reflecting both the challenges and possibilities before you.\n\n**Card: The Tower (upright)**\nThe Tower in the present position indicates that a massive transformation, perhaps unexpected, is actively shaping your current work environment. Breakdown precedes a breakthrough; this card asks you to assess if the upheaval is an opportunity for enlightenment.\n\n### The Future: Possible Outcomes Based on Current Energies\nThis card speaks to the potential path that your decision might carve out based on current influences and actions undertaken.\n\n**Card: The Fool (upright)**\nEmbodying the spirit of the Fool, the card suggests that your journey should be marked by new beginnings and optimism if you choose to leap into the unknown. It encourages embracing change with faith and the courage of innocence.\n\n### Final Guidance\nThese cards collectively whisper of cycles and opportunities for transformation. Should you choose to leave, doors to new growths beckon. However, ensure that this decision aligns not just with a desire for escape but also a vision for what truly resonates with your spirit and aspirations. Balance caution and courage in this metamorphosis, and know that the cosmos supports the ongoing narrative of your personal growth.", "mentor": 1, "user": 1}}, {"model": "tarot.reading", "pk": 28, "fields": {"reading_type": "career_path_spread", "date": "2025-01-26T14:16:53.492Z", "question": "Should I quit my current job for new more perspective but harder one?", "notes": "Theme: career", "celestial_insight": "When contemplating such a pivotal decision as changing your career path, it's essential to tune into not only the tangible rewards and challenges but also what resonates with your inner truth and aspirations. Consider the path not just in terms of immediate prospects but how it aligns with your soul's purpose. The journey you embark upon should feel like an extension of your being, even if strewn with obstacles, because growth often requires courage and transformation.\n\nLet the cards guide you in illuminating both paths, displaying the unseen energies at play and helping you make a decision rooted in authentic understanding of your life's calling.", "mentor": 2, "user": 1}}, {"model": "tarot.readingcard", "pk": 3, "fields": {"position": 1, "orientation": "upright", "interpretation": "", "role": null, "reading": 5, "card": 63}}, {"model": "tarot.readingcard", "pk": 4, "fields": {"position": 2, "orientation": "upright", "interpretation": "", "role": null, "reading": 5, "card": 75}}, {"model": "tarot.readingcard", "pk": 5, "fields": {"position": 3, "orientation": "upright", "interpretation": "", "role": null, "reading": 5, "card": 74}}, {"model": "tarot.readingcard", "pk": 6, "fields": {"position": 4, "orientation": "upright", "interpretation": "", "role": null, "reading": 5, "card": 76}}, {"model": "tarot.readingcard", "pk": 7, "fields": {"position": 1, "orientation": "upright", "interpretation": "", "role": null, "reading": 6, "card": 60}}, {"model": "tarot.readingcard", "pk": 8, "fields": {"position": 2, "orientation": "upright", "interpretation": "", "role": null, "reading": 6, "card": 63}}, {"model": "tarot.readingcard", "pk": 9, "fields": {"position": 3, "orientation": "upright", "interpretation": "", "role": null, "reading": 6, "card": 75}}, {"model": "tarot.readingcard", "pk": 10, "fields": {"position": 1, "orientation": "upright", "interpretation": "This card suggests a time of pause and reflection in your life. You may feel like you are in a state of suspension, but this is a necessary part of gaining new perspectives and insights. It's an invitation to release old patterns and view your situation from a different angle.", "role": null, "reading": 7, "card": 69}}, {"model": "tarot.readingcard", "pk": 11, "fields": {"position": 2, "orientation": "upright", "interpretation": "You are poised to take control of your path with confidence and determination. The Chariot indicates movement, progress, and triumph over obstacles. It encourages you to harness your inner strength and focus on your goals, driving forward with intention and purpose.", "role": null, "reading": 7, "card": 64}}, {"model": "tarot.readingcard", "pk": 12, "fields": {"position": 3, "orientation": "upright", "interpretation": "Completion and fulfillment are on the horizon. The World symbolizes the successful integration of experiences and the ability to reach a harmonious conclusion. Your journey may bring about a sense of wholeness and accomplishment if you continue on your current path with insight and awareness.", "role": null, "reading": 7, "card": 78}}, {"model": "tarot.readingcard", "pk": 16, "fields": {"position": 1, "orientation": "upright", "interpretation": "Symbolizing harmony and mutual respect, this card suggests potential for deep bonds with your colleagues, where shared values and goals can knit your lives together in supportive friendship.", "role": null, "reading": 8, "card": 63}}, {"model": "tarot.readingcard", "pk": 17, "fields": {"position": 2, "orientation": "upright", "interpretation": "This card indicates an opportunity for genuine connection and reciprocal affection, suggesting that a strong rapport, built on trust and shared experiences, is likely to develop.", "role": null, "reading": 8, "card": 16}}, {"model": "tarot.readingcard", "pk": 18, "fields": {"position": 3, "orientation": "reversed", "interpretation": "A change in perspective is needed. Be open to experiencing your colleagues' worldviews and emotions, which may differ from yours. This willingness to understand will be key to deepening relationships.", "role": null, "reading": 8, "card": 69}}, {"model": "tarot.readingcard", "pk": 19, "fields": {"position": 4, "orientation": "upright", "interpretation": "Represents teamwork and collaboration. Successful projects or joint efforts at work may serve as a foundation for friendship, allowing personal connections to grow amidst shared responsibility.", "role": null, "reading": 8, "card": 45}}, {"model": "tarot.readingcard", "pk": 20, "fields": {"position": 5, "orientation": "reversed", "interpretation": "You may need to let down some guardrails and allow others to see the authentic you. Vulnerability can create space for others to step forward and reciprocate.", "role": null, "reading": 8, "card": 9}}, {"model": "tarot.readingcard", "pk": 21, "fields": {"position": 1, "orientation": "upright", "interpretation": "The Temperance card embodies balance, harmony, and moderation. Today, it encourages you to focus on creating equilibrium in your life. It is a gentle reminder to be patient, allowing life to flow without forcing outcomes. Embrace moderation in your actions and thoughts, and find peace in the present moment. The universe advises you to trust the timing of your journey, as the perfect blend of circumstances is being crafted for your growth.", "role": null, "reading": 9, "card": 71}}, {"model": "tarot.readingcard", "pk": 23, "fields": {"position": 1, "orientation": "upright", "interpretation": "The Star suggests hope and inspiration, guiding you to look towards the future with renewed optimism. In your personal growth journey, it encourages you to remain confident in your abilities and to trust in the process of transformation. It invites you to think big, set your sights on your goals, and allow your dreams to shine brightly. This card reminds you that you have the inner resources and universe's support to grow into your highest potential.", "role": null, "reading": 10, "card": 74}}, {"model": "tarot.readingcard", "pk": 24, "fields": {"position": 1, "orientation": "upright", "interpretation": "The Magician, appearing upright, is a symbol of sheer will, resourcefulness, and the manifestation of desires through focused intention. This card counsels you to harness your full range of abilities and channel your inner alchemist to transform obstacles into opportunities. Use your creativity and resource palette judiciously to shape your reality. Trust in your skills, communicate clearly, and remember that you hold all the tools you need to succeed. This is a time for bold action and making use of your inner power.", "role": null, "reading": 11, "card": 58}}, {"model": "tarot.readingcard", "pk": 29, "fields": {"position": 1, "orientation": "upright", "interpretation": "The Chariot signifies progress and victory, pointing towards a high likelihood of movement and advancement. Your determination, focus, and strong will are steering you towards triumph. This card encourages you to channel your energies with purpose, indicating that recognition and promotion are within reach if you remain driven and aligned with your career aspirations.", "role": null, "reading": 13, "card": 64}}, {"model": "tarot.readingcard", "pk": 30, "fields": {"position": 1, "orientation": "upright", "interpretation": "The Star represents hope and inspiration, suggesting that the arrival of your laptop is tied to your dreams and aspirations. It encourages a mindset of positivity and faith in the unfolding of events.", "role": null, "reading": 14, "card": 74}}, {"model": "tarot.readingcard", "pk": 31, "fields": {"position": 2, "orientation": "reversed", "interpretation": "The reversed Hanged Man signals a delay or a feeling of being stuck. This card indicates that things might be taking longer than expected, emphasizing the need for patience and new perspectives.", "role": null, "reading": 14, "card": 69}}, {"model": "tarot.readingcard", "pk": 32, "fields": {"position": 3, "orientation": "upright", "interpretation": "The Chariot stands for movement and progress, affirming that your efforts will lead to success. It suggests that with determination, the obstacles will be overcome, guiding the laptop into your possession soon.", "role": null, "reading": 14, "card": 64}}, {"model": "tarot.readingcard", "pk": 33, "fields": {"position": 1, "orientation": "upright", "interpretation": "This card signifies active harmony and partnership, indicating that love, deep connection, and the potential for marriage are present in your life. It suggests that a choice or decision may lead to a union or pivotal relationship.", "role": null, "reading": 15, "card": 63}}, {"model": "tarot.readingcard", "pk": 34, "fields": {"position": 2, "orientation": "upright", "interpretation": "The Two of Cups reflects a strong bond, partnership, mutual respect, and shared values. It often points to romantic relationships blossoming with equal give and take, suggesting the right conditions for marriage to develop.", "role": null, "reading": 15, "card": 16}}, {"model": "tarot.readingcard", "pk": 35, "fields": {"position": 3, "orientation": "upright", "interpretation": "The Hierophant represents tradition, commitment, and marriage. It symbolizes a spiritual or formal bond, indicating that your path may lead towards a conventional union involving vows and long-term commitment.", "role": null, "reading": 15, "card": 62}}, {"model": "tarot.readingcard", "pk": 36, "fields": {"position": 4, "orientation": "upright", "interpretation": "This card heralds new beginnings, prosperity, and stability. In a love spread, it indicates the potential foundation of a marriage, emphasizing practicality and mutual benefit in the relationship.", "role": null, "reading": 15, "card": 43}}, {"model": "tarot.readingcard", "pk": 37, "fields": {"position": 5, "orientation": "upright", "interpretation": "The Four of Wands symbolizes celebration, joy, and ceremonies, often associated with weddings or significant events in relationships. It indicates a prosperous and happy commitment, showing a future of harmonious union.", "role": null, "reading": 15, "card": 4}}, {"model": "tarot.readingcard", "pk": 38, "fields": {"position": 1, "orientation": "upright", "interpretation": "This card signifies your ability to harness resources and skills to transform the situation. It highlights the power of communication and initiative.", "role": null, "reading": 16, "card": 58}}, {"model": "tarot.readingcard", "pk": 39, "fields": {"position": 2, "orientation": "upright", "interpretation": "Signifying conflict and competition, this card reflects the current strife but reminds you of the importance of cooperation and finding common ground.", "role": null, "reading": 16, "card": 5}}, {"model": "tarot.readingcard", "pk": 40, "fields": {"position": 3, "orientation": "reversed", "interpretation": "A reminder of past experiences influencing the present conflict, urging introspection and learning from previous interactions.", "role": null, "reading": 16, "card": 20}}, {"model": "tarot.readingcard", "pk": 41, "fields": {"position": 4, "orientation": "upright", "interpretation": "This card foretells growth and nurturing relationships. If cultivated, creativity and empathy will bring about harmony.", "role": null, "reading": 16, "card": 60}}, {"model": "tarot.readingcard", "pk": 42, "fields": {"position": 5, "orientation": "upright", "interpretation": "Encouraging inner strength and patience, this card teaches resilience and the gentle power of understanding as tools for overcoming adversity.", "role": null, "reading": 16, "card": 65}}, {"model": "tarot.readingcard", "pk": 43, "fields": {"position": 6, "orientation": "upright", "interpretation": "Symbolizing future partnership and mutual respect, this card suggests an eventual harmonious resolution.", "role": null, "reading": 16, "card": 16}}, {"model": "tarot.readingcard", "pk": 44, "fields": {"position": 1, "orientation": "upright", "interpretation": "You are about to enter a period of focused will and determination, driving forward with confidence toward your goals. Success comes from self-discipline and hard work, maintaining control through balance.", "role": null, "reading": 17, "card": 64}}, {"model": "tarot.readingcard", "pk": 45, "fields": {"position": 2, "orientation": "reversed", "interpretation": "There may be challenges in managing your responsibilities and resources. Beware of neglecting important aspects of your life in the quest for progress. Find a balance to handle daily affairs with calm and foresight.", "role": null, "reading": 17, "card": 44}}, {"model": "tarot.readingcard", "pk": 46, "fields": {"position": 3, "orientation": "upright", "interpretation": "A card of hope and inspiration, indicating that your guiding light is strong. Trust in the universe's plan, and allow yourself to be led to your higher purpose. A time for healing and renewed energy.", "role": null, "reading": 17, "card": 74}}, {"model": "tarot.readingcard", "pk": 47, "fields": {"position": 4, "orientation": "reversed", "interpretation": "You may have recently experienced or narrowly avoided intense upheaval. This reminds you to embrace change to prevent stagnation or unforeseen crises. It’s a time to rebuild with wisdom from past trials.", "role": null, "reading": 17, "card": 73}}, {"model": "tarot.readingcard", "pk": 48, "fields": {"position": 5, "orientation": "upright", "interpretation": "Stepping away for introspection will provide the guidance needed as you navigate through the coming months. Seek enlightenment from within, and trust your inner guidance to illuminate your path.", "role": null, "reading": 17, "card": 66}}, {"model": "tarot.readingcard", "pk": 49, "fields": {"position": 6, "orientation": "upright", "interpretation": "Creative opportunities and emotional messages are on the horizon. Be open to new experiences and let your intuition guide you. Youthful optimism will play a crucial role in your emotional landscape.", "role": null, "reading": 17, "card": 25}}, {"model": "tarot.readingcard", "pk": 50, "fields": {"position": 7, "orientation": "reversed", "interpretation": "A warning to seek balance and fairness. You may face situations that test your sense of right and wrong. Remain unbiased and ensure that your actions align with your moral compass.", "role": null, "reading": 17, "card": 68}}, {"model": "tarot.readingcard", "pk": 51, "fields": {"position": 8, "orientation": "upright", "interpretation": "A period of transition, perhaps a journey or escape to better circumstances. Leaving behind what no longer serves you, moving towards greater peace and clarity. It's a sign of moving away from turmoil.", "role": null, "reading": 17, "card": 34}}, {"model": "tarot.readingcard", "pk": 52, "fields": {"position": 9, "orientation": "upright", "interpretation": "Embody confidence and vibrancy. Your charisma and determination will inspire those around you. A time of pursuing passions with enthusiasm, but be mindful of overextending yourself due to high energy.", "role": null, "reading": 17, "card": 13}}, {"model": "tarot.readingcard", "pk": 53, "fields": {"position": 10, "orientation": "reversed", "interpretation": "Relief from hardships is approaching. Financial or emotional support will become available, leading to recovery and recognition of support systems. It's a time to reach out and discover communal strength.", "role": null, "reading": 17, "card": 47}}, {"model": "tarot.readingcard", "pk": 54, "fields": {"position": 1, "orientation": "upright", "interpretation": "You are at a critical turning point in your life where fate and destiny are spinning together. The energy around you is dynamic, suggesting that changes are coming, and these changes are pivotal in guiding you to your destiny.", "role": null, "reading": 19, "card": 67}}, {"model": "tarot.readingcard", "pk": 55, "fields": {"position": 2, "orientation": "reversed", "interpretation": "There is confusion or fear clouding your path. You may face uncertainty that appears daunting. The reversed Moon suggests that overcoming illusions and seeking clarity will be your challenge here to find your true destiny.", "role": null, "reading": 19, "card": 75}}, {"model": "tarot.readingcard", "pk": 56, "fields": {"position": 3, "orientation": "upright", "interpretation": "Universal guidance is at play, and there is hope and inspiration lighting your way. The Star urges you to keep faith and trust in the journey, as following this illuminated path will lead you to your destiny with clarity and fulfillment.", "role": null, "reading": 19, "card": 74}}, {"model": "tarot.readingcard", "pk": 58, "fields": {"position": 1, "orientation": "upright", "interpretation": "The appearance of The Magician upright suggests that you have all the resources and skills necessary to manifest your desires. This card indicates a strong potential for you to receive your laptop, as long as you direct your energy wisely and stay focused. The alignment of your willpower with your practical actions will bring about positive results. Trust in your ability to create the reality you envision and take steps towards making it happen. This is a card of manifestation, signaling that with the right actions, the laptop can indeed be yours soon.", "role": null, "reading": 20, "card": 58}}, {"model": "tarot.readingcard", "pk": 59, "fields": {"position": 1, "orientation": "upright", "interpretation": "A significant change or upheaval may come unexpectedly, presenting new opportunities for growth. Embrace the change as a path to potential new beginnings.", "role": null, "reading": 21, "card": 73}}, {"model": "tarot.readingcard", "pk": 60, "fields": {"position": 2, "orientation": "upright", "interpretation": "You have all the tools and skills necessary to create the job you desire. Harness your talents and focus your energy towards manifesting your career goals.", "role": null, "reading": 21, "card": 58}}, {"model": "tarot.readingcard", "pk": 61, "fields": {"position": 3, "orientation": "upright", "interpretation": "Balance is crucial at this time. You may find yourself juggling multiple prospects or responsibilities. Prioritize and maintain equilibrium to progress smoothly.", "role": null, "reading": 21, "card": 44}}, {"model": "tarot.readingcard", "pk": 62, "fields": {"position": 4, "orientation": "upright", "interpretation": "Approach challenges with clever strategies and an open mind. Be aware of deceit or pitfalls; trust in your wits to navigate any tricky situations.", "role": null, "reading": 21, "card": 35}}, {"model": "tarot.readingcard", "pk": 63, "fields": {"position": 5, "orientation": "upright", "interpretation": "A bright, successful opportunity is on the horizon, bringing joy and satisfaction. Your hard work and resilience will lead to a rewarding and inspiring role in your career path.", "role": null, "reading": 21, "card": 76}}, {"model": "tarot.readingcard", "pk": 67, "fields": {"position": 1, "orientation": "upright", "interpretation": "The arrival of the laptop is strongly aligned with your intentions and efforts. Resources and the ability to manifest are in your favor, indicating swift results if action is taken.", "role": null, "reading": 22, "card": 58}}, {"model": "tarot.readingcard", "pk": 68, "fields": {"position": 2, "orientation": "reversed", "interpretation": "Impatience and restlessness could be hindering the process. You may need to reconsider your approach or reassess timelines to adjust expectations.", "role": null, "reading": 22, "card": 69}}, {"model": "tarot.readingcard", "pk": 69, "fields": {"position": 3, "orientation": "upright", "interpretation": "Success is near, and the outcome regarding the arrival of your laptop is positive. It will require focused effort and determination, but the path is clear, indicating that the laptop will appear soon within your possession.", "role": null, "reading": 22, "card": 64}}, {"model": "tarot.readingcard", "pk": 70, "fields": {"position": 1, "orientation": "upright", "interpretation": "Embark on your life's journey with an open heart and mind, embracing the unknown and trusting in the universe's guidance.", "role": null, "reading": 23, "card": 57}}, {"model": "tarot.readingcard", "pk": 71, "fields": {"position": 2, "orientation": "upright", "interpretation": "Seek inner wisdom and self-reflection. Your purpose is found in solitude and introspection, guiding you to your true path.", "role": null, "reading": 23, "card": 66}}, {"model": "tarot.readingcard", "pk": 72, "fields": {"position": 3, "orientation": "upright", "interpretation": "Your purpose involves deep connections and relationships that teach you love, balance, and harmony.", "role": null, "reading": 23, "card": 63}}, {"model": "tarot.readingcard", "pk": 73, "fields": {"position": 4, "orientation": "upright", "interpretation": "Acknowledge the cycles of change in your life. Your purpose is to adapt and grow through the various phases of existence.", "role": null, "reading": 23, "card": 67}}, {"model": "tarot.readingcard", "pk": 74, "fields": {"position": 5, "orientation": "upright", "interpretation": "Remain hopeful and inspired, knowing your purpose is guided by divine starlight and vision.", "role": null, "reading": 23, "card": 74}}, {"model": "tarot.readingcard", "pk": 75, "fields": {"position": 6, "orientation": "upright", "interpretation": "Harness your willpower and determination to move confidently towards fulfilling your purpose.", "role": null, "reading": 23, "card": 64}}, {"model": "tarot.readingcard", "pk": 76, "fields": {"position": 7, "orientation": "reversed", "interpretation": "Beware of ignoring your intuition. Part of your purpose involves listening to the subtle insights from within.", "role": null, "reading": 23, "card": 59}}, {"model": "tarot.readingcard", "pk": 77, "fields": {"position": 8, "orientation": "upright", "interpretation": "Nurture your creative energies and manifest abundance in your life. Your purpose is intertwined with growth and creation.", "role": null, "reading": 23, "card": 60}}, {"model": "tarot.readingcard", "pk": 78, "fields": {"position": 9, "orientation": "reversed", "interpretation": "Your purpose will be clarified through avoiding unnecessary upheaval and embracing change with grace.", "role": null, "reading": 23, "card": 73}}, {"model": "tarot.readingcard", "pk": 79, "fields": {"position": 10, "orientation": "upright", "interpretation": "You are on the path to completing a significant life cycle. Your purpose involves integration and wholeness as you connect your soul's journey to the universe.", "role": null, "reading": 23, "card": 78}}, {"model": "tarot.readingcard", "pk": 80, "fields": {"position": 1, "orientation": "upright", "interpretation": "In your past, romance has played a pivotal role in shaping your beliefs about love. It’s a reminder that each relationship has added layers to your understanding of partnership.", "role": null, "reading": 25, "card": 63}}, {"model": "tarot.readingcard", "pk": 81, "fields": {"position": 2, "orientation": "upright", "interpretation": "You are embodying a loving, nurturing, and intuitive energy right now. Your capacity for deep emotional connection is strong, drawing potential partners closer.", "role": null, "reading": 25, "card": 27}}, {"model": "tarot.readingcard", "pk": 82, "fields": {"position": 3, "orientation": "reversed", "interpretation": "You are releasing past fears and toxic patterns. This liberation opens the door for new, healthier connections, offering opportunities for genuine partners to enter your space.", "role": null, "reading": 25, "card": 72}}, {"model": "tarot.readingcard", "pk": 83, "fields": {"position": 4, "orientation": "upright", "interpretation": "Now is the time to engage in new potential adventures and explore horizons. Broaden your social haunts and activities, allowing new and unexpected encounters to take place.", "role": null, "reading": 25, "card": 2}}, {"model": "tarot.readingcard", "pk": 84, "fields": {"position": 5, "orientation": "upright", "interpretation": "There is an element of fate at play, suggesting that if you remain open and adaptable, this year could herald significant shifts in your love life, possibly leading to the encounter you seek.", "role": null, "reading": 25, "card": 67}}, {"model": "tarot.readingcard", "pk": 85, "fields": {"position": 1, "orientation": "reversed", "interpretation": "A time characterized by repetitiveness and feeling undervalued, pointing to work that lacks fulfillment and stimulation.", "role": null, "reading": 27, "card": 50}}, {"model": "tarot.readingcard", "pk": 86, "fields": {"position": 2, "orientation": "upright", "interpretation": "An upheaval or powerful transformation is occurring, disrupting the old ways and making room for potential enlightenment and revitalization.", "role": null, "reading": 27, "card": 73}}, {"model": "tarot.readingcard", "pk": 87, "fields": {"position": 3, "orientation": "upright", "interpretation": "A card of new beginnings, urging you to embrace a leap of faith with optimism and open-heartedness, signaling that the journey ahead holds exciting prospects if you choose to embark on it.", "role": null, "reading": 27, "card": 57}}, {"model": "tarot.readingcard", "pk": 88, "fields": {"position": 1, "orientation": "upright", "interpretation": "Your current job may feel stable but carries an underlying sense of unrest or impending change. Staying might soon lead to upheaval.", "role": null, "reading": 28, "card": 73}}, {"model": "tarot.readingcard", "pk": 89, "fields": {"position": 2, "orientation": "upright", "interpretation": "The new position promises movement, success, and achievement through hard work and determination. It requires focus and commitment to steer yourself towards victory.", "role": null, "reading": 28, "card": 64}}, {"model": "tarot.readingcard", "pk": 90, "fields": {"position": 3, "orientation": "upright", "interpretation": "Seek solitude and inner exploration to truly understand what you desire. This is a time for deep reflection on what you want from your career and life path.", "role": null, "reading": 28, "card": 66}}, {"model": "tarot.readingcard", "pk": 91, "fields": {"position": 4, "orientation": "reversed", "interpretation": "There is a fear of having to start over or not meeting the new job's demands. Beware of perfectionism and feeling overwhelmed by the depth of learning required.", "role": null, "reading": 28, "card": 50}}, {"model": "tarot.readingcard", "pk": 92, "fields": {"position": 5, "orientation": "upright", "interpretation": "Choosing the new path, despite its difficulties, will ultimately bring clarity, joy, and growth, lighting up a brighter future.", "role": null, "reading": 28, "card": 76}}]